<?xml version="1.0" encoding="UTF-8"?>
<project-private xmlns="http://www.netbeans.org/ns/project-private/1">
    <editor-bookmarks xmlns="http://www.netbeans.org/ns/editor-bookmarks/2" lastBookmarkId="0"/>
    <open-files xmlns="http://www.netbeans.org/ns/projectui-open-files/2">
        <group>
            <file>file:/C:/Users/DANI/Google%20Drive/Doutorado/Unijui/Material_Doutourado/Projetos/Simulation_FIFO/src/simulation/Fifo.java</file>
            <file>file:/C:/Users/DANI/Google%20Drive/Doutorado/Unijui/Material_Doutourado/Projetos/Simulation_FIFO/src/simulation/QueueAddInput.java</file>
            <file>file:/C:/Users/DANI/Google%20Drive/Doutorado/Unijui/Material_Doutourado/Projetos/Simulation_FIFO/src/simulation/AllocateThread.java</file>
            <file>file:/C:/Users/DANI/Google%20Drive/Doutorado/Unijui/Material_Doutourado/Projetos/Simulation_FIFO/src/simulation/RoundRobin.java</file>
            <file>file:/C:/Users/DANI/Google%20Drive/Doutorado/Unijui/Material_Doutourado/Projetos/Simulation_FIFO/src/simulation/QueueAdd.java</file>
            <file>file:/C:/Users/DANI/Google%20Drive/Doutorado/Unijui/Material_Doutourado/Projetos/Simulation_FIFO/src/simulation/Start.java</file>
        </group>
    </open-files>
</project-private>
